{"cameraMode":{"drawMode":0,"name":"Shaded","section":"Shading Mode"},"sceneLighting":true,"audioPlay":false,"sceneViewState":{"showFog":true,"showMaterialUpdate":false,"showSkybox":true,"showFlares":true,"showImageEffects":true,"showParticleSystems":true,"showVisualEffectGraphs":true},"in2DMode":false,"pivot":{"x":-1.2347896099090577,"y":1.779119849205017,"z":-1.239431381225586},"rotation":{"x":-0.17392288148403169,"y":0.7112694382667542,"z":-0.1890680193901062,"w":-0.6542937159538269},"size":1.5073950290679932,"orthographic":false}