{"cameraMode":{"drawMode":0,"name":"Shaded","section":"Shading Mode"},"sceneLighting":false,"audioPlay":false,"sceneViewState":{"showFog":true,"showMaterialUpdate":false,"showSkybox":false,"showFlares":true,"showImageEffects":true,"showParticleSystems":true},"in2DMode":false,"pivot":{"x":-24.8850154876709,"y":-4.865541458129883,"z":-1.4115171432495118},"rotation":{"x":0.1669679433107376,"y":-0.6913589835166931,"z":0.1691870391368866,"w":0.6822903752326965},"size":2.8578836917877199,"orthographic":false}