{"cameraMode":{"drawMode":0,"name":"Shaded","section":"Shading Mode"},"sceneLighting":true,"audioPlay":false,"sceneViewState":{"showFog":false,"showMaterialUpdate":false,"showSkybox":false,"showFlares":false,"showImageEffects":false,"showParticleSystems":true},"in2DMode":false,"pivot":{"x":-14.521617889404297,"y":-3.4328575134277345,"z":0.08314100652933121},"rotation":{"x":-0.1360948383808136,"y":0.6932871341705322,"z":-0.13585077226161958,"w":-0.6945328116416931},"size":22.5697021484375,"orthographic":false}