{"cameraMode":{"drawMode":0,"name":"Shaded","section":"Shading Mode"},"sceneLighting":true,"audioPlay":false,"sceneViewState":{"showFog":false,"showMaterialUpdate":false,"showSkybox":false,"showFlares":false,"showImageEffects":false,"showParticleSystems":true},"in2DMode":false,"pivot":{"x":-13.397308349609375,"y":-3.604452133178711,"z":-1.5782630443572999},"rotation":{"x":-0.15677812695503236,"y":0.7201821208000183,"z":-0.172809436917305,"w":-0.6533722281455994},"size":17.472272872924806,"orthographic":false}