{"cameraMode":{"drawMode":0,"name":"Shaded","section":"Shading Mode"},"sceneLighting":false,"audioPlay":false,"sceneViewState":{"showFog":false,"showMaterialUpdate":false,"showSkybox":false,"showFlares":false,"showImageEffects":false,"showParticleSystems":true},"in2DMode":false,"pivot":{"x":-0.7639999985694885,"y":2.3469998836517336,"z":0.27399998903274538},"rotation":{"x":-0.21595293283462525,"y":0.6713228225708008,"z":-0.2145318239927292,"w":-0.6757708191871643},"size":1.9324266910552979,"orthographic":false}