{"cameraMode":{"drawMode":0,"name":"Shaded","section":"Shading Mode"},"sceneLighting":true,"audioPlay":false,"sceneViewState":{"showFog":false,"showMaterialUpdate":false,"showSkybox":false,"showFlares":false,"showImageEffects":false,"showParticleSystems":true},"in2DMode":false,"pivot":{"x":-14.446624755859375,"y":-3.4088518619537355,"z":0.5638015270233154},"rotation":{"x":-0.14284329116344453,"y":0.6569798588752747,"z":-0.12873631715774537,"w":-0.7289720773696899},"size":17.436891555786134,"orthographic":false}