{"cameraMode":{"drawMode":0,"name":"Shaded","section":"Shading Mode"},"sceneLighting":true,"audioPlay":false,"sceneViewState":{"showFog":false,"showMaterialUpdate":false,"showSkybox":false,"showFlares":false,"showImageEffects":false,"showParticleSystems":true},"in2DMode":false,"pivot":{"x":-2080.062744140625,"y":-1084.9788818359375,"z":-26.395496368408204},"rotation":{"x":0.16886009275913239,"y":-0.6914606094360352,"z":0.17141206562519074,"w":0.6811654567718506},"size":2424.927001953125,"orthographic":false}