{"cameraMode":{"drawMode":0,"name":"Shaded","section":"Shading Mode"},"sceneLighting":true,"audioPlay":false,"sceneViewState":{"showFog":false,"showMaterialUpdate":false,"showSkybox":false,"showFlares":false,"showImageEffects":false,"showParticleSystems":true},"in2DMode":false,"pivot":{"x":-9.070371627807618,"y":-8.386953353881836,"z":-9.253064155578614},"rotation":{"x":-0.1501564234495163,"y":0.8429012894630432,"z":-0.301781564950943,"w":-0.41940250992774966},"size":34.99232864379883,"orthographic":false}