{"cameraMode":{"drawMode":0,"name":"Shaded","section":"Shading Mode"},"sceneLighting":false,"audioPlay":false,"sceneViewState":{"showFog":false,"showMaterialUpdate":false,"showSkybox":false,"showFlares":false,"showImageEffects":false,"showParticleSystems":true},"in2DMode":false,"pivot":{"x":-0.574831485748291,"y":1.570746898651123,"z":-0.5246491432189941},"rotation":{"x":-0.21595293283462525,"y":0.6713228225708008,"z":-0.2145318239927292,"w":-0.6757708191871643},"size":4.739264488220215,"orthographic":false}